,Variable,Shap_Importance
0,Propriétaire voiture,0.10766106995308942
1,Propriétaire maison,0.06047067049098739
2,Emploi business,0.22605840467097793
3,Marié,0.10667553640305659
4,Population relative région,0.28520850283332483
5,Ancien prêt annulé/vendu,0.1054015372224184
6,Prêt renouvelable,0.14527127022100036
7,Ratio prêt avec retard,0.22129323439585336
